{
  "metadata": {
    "schemaVersion": "1.0",
    "importType": "LEX",
    "importFormat": "JSON"
  },
  "resource": {
    "name": "riskLevel",
    "version": "1",
    "enumerationValues": [
      {
        "value": "high",
        "synonyms": [
          "maximum"
        ]
      },
      {
        "value": "low",
        "synonyms": [
          "minimal"
        ]
      },
      {
        "value": "medium",
        "synonyms": [
          "moderate"
        ]
      },
      {
        "value": "none",
        "synonyms": [
          "zero"
        ]
      }
    ],
    "valueSelectionStrategy": "TOP_RESOLUTION"
  }
}